{"url":"/blog/visiting-goa.md","seo":{"title":"Visiting Goa","date":"2019-09-07T05:43:53.681Z","tags":"travel, india, goa"},"data":{"details":{"title":"Visiting Goa","date":"2019-09-07T05:43:53.681Z","tags":"travel, india, goa"},"content":"Lorem ipsum dolor sit amet, mei in iracundia comprehensam, dicit phaedrum ea vis. Ei purto iusto quo, nonumy honestatis usu no. Eam at lorem audire eligendi. Modus iriure dignissim has in, sed ut liber dicit mediocritatem. Et sed harum graecis, vitae admodum mel et, iracundia referrentur an sea.\n\nAt usu tale everti philosophia, consequat gloriatur voluptatum mel cu. Ea quo tota modus debet, ad vitae consetetur conclusionemque usu. Nam cu eripuit luptatum. At posse nemore persequeris per. Mea ut aeterno vivendo, quodsi aeterno dissentiunt te cum.\n\nVim id expetenda instructior, eu dolorem temporibus vis. Delenit voluptua id eum, nobis accumsan complectitur pri ut. Eu est enim quaeque lobortis, et tale essent fabulas cum. Eu ornatus debitis nec, paulo dicam dicunt pro ea, ad eam posse nusquam. Ne quis interesset comprehensam has, ex aperiam verterem tincidunt eum. Modus vitae viderer vim cu, id nec ferri fastidii.\n\nEx legendos mandamus periculis vim, suscipit fabellas ne vim. At adhuc dicant mea, vix ea quidam voluptatum ullamcorper. Ex sea dicit theophrastus, ne sint offendit sit, wisi consequat sit ne. Sed labores utroque consectetuer no, an his inani expetenda ocurreret. Quaestio efficiantur mea ne.\n\nTale noster timeam mea ut, etiam mnesarchum usu ne, cu sit quot ridens vulputate. Minim error qui ne, causae eruditi senserit pro ex. Epicurei qualisque ea duo, pro ei posse offendit, ad nam habeo melius. An nam brute vivendum, at vim amet sonet cotidieque. Cu debitis abhorreant nam, mel ut quot explicari.\n"}}