{"url":"/blogs/","data":{"id":"blog","edges":[{"id":"how-to-share-a-screenshot-of-the-page.md","format":"md","path":"/opt/build/repo/content/blog/how-to-share-a-screenshot-of-the-page.md","details":{"title":"How to share a screenshot of the page","date":"2019-09-07T05:42:28.441Z","subtitle":"If you have ever built an application which needs to take a screenshot of itself, then this blog tells you how to do the same for web.","cover":"/assets/cody-black-nm89mzvar5i-unsplash.jpg","tags":"technology, javascript"},"preview":"Lorem ipsum dolor sit amet, consectetur adipiscing elit, sed do eiusmod tempor incididunt ut labore et dolore magna aliqua. Sodales neque sodales ut etiam sit amet nisl purus in. Nunc sed augue lacus viverra vitae congue eu. At augue eget arcu dictum varius. Et ligula ullamcorper malesuada proin. Aliquam eleifend mi in nulla posuere sollicitudin aliquam ultrices sagittis. Mauris in aliquam sem fringilla ut morbi tincidunt. In vitae turpis massa sed elementum tempus egestas. Neque gravida in ferm"},{"id":"visiting-goa.md","format":"md","path":"/opt/build/repo/content/blog/visiting-goa.md","details":{"title":"Visiting Goa","date":"2019-09-07T05:43:53.681Z","tags":"travel, india, goa"},"preview":"Lorem ipsum dolor sit amet, mei in iracundia comprehensam, dicit phaedrum ea vis. Ei purto iusto quo, nonumy honestatis usu no. Eam at lorem audire eligendi. Modus iriure dignissim has in, sed ut liber dicit mediocritatem. Et sed harum graecis, vitae admodum mel et, iracundia referrentur an sea"},{"id":"wanderlust.md","format":"md","path":"/opt/build/repo/content/blog/wanderlust.md","details":{"title":"Wanderlust","date":"2019-08-27T18:44:24.217Z","tags":"travel, philosophy, hobby"},"preview":"Sed ut perspiciatis unde omnis iste natus error sit voluptatem #accusantium doloremque laudantium, totam rem aperiam, eaque ipsa quae ab illo inventore veritatis et quasi architecto beatae vitae dicta sunt explicabo"}]}}